Y[t-1],Y[t-2],U[t-1],Y[t]
0.0,0.0,0.02513009544333748,1.5870200519928592e-05
1.5870200519928592e-05,0.0,0.050244318179769556,0.00014271155515783275
0.00014271155515783275,1.5870200519928592e-05,0.07532680552793272,0.0005701231989370244
0.0005701231989370244,0.00014271155515783275,0.1003617148512149,0.0015809325915309188
0.0015809325915309188,0.0005701231989370244,0.12533323356430426,0.0035488187808174858
0.0035488187808174858,0.0015809325915309188,0.15022558912075706,0.006933467371112325
0.006933467371112325,0.0035488187808174858,0.17502305897527604,0.012270442586499822
0.012270442586499822,0.006933467371112325,0.19970998051440703,0.020151199792200675
0.020151199792200675,0.012270442586499822,0.22427076094938117,0.031187163304157127
0.031187163304157127,0.020151199792200675,0.2486898871648548,0.04595175747713523
0.04595175747713523,0.031187163304157127,0.27295193551732516,0.0648976675524404
0.0648976675524404,0.04595175747713523,0.2970415815770349,0.08825559902160644
0.08825559902160644,0.0648976675524404,0.32094360980720954,0.11593580301192132
0.11593580301192132,0.08825559902160644,0.34464292317451706,0.1474698687173282
0.1474698687173282,0.11593580301192132,0.3681245526846779,0.18203571258789433
0.18203571258789433,0.1474698687173282,0.3913736668372024,0.2185889667083181
0.2185889667083181,0.18203571258789433,0.41437558099328414,0.256077095112793
0.256077095112793,0.2185889667083181,0.4371157666509329,0.29366209975358276
0.29366209975358276,0.256077095112793,0.4595798606214878,0.3308625927455655
0.3308625927455655,0.29366209975358276,0.4817536741017153,0.3675651522609976
0.3675651522609976,0.3308625927455655,0.5036232016357608,0.4039227916958419
0.4039227916958419,0.3675651522609976,0.5251746299612956,0.4402066549264326
0.4402066549264326,0.4039227916958419,0.5463943467342691,0.4766790204066148
0.4766790204066148,0.4402066549264326,0.5672689491267565,0.5135233771178127
0.5135233771178127,0.4766790204066148,0.5877852522924731,0.5508303954970872
0.5508303954970872,0.5135233771178127,0.6079302976946055,0.5886175610727105
0.5886175610727105,0.5508303954970872,0.6276913612907005,0.6268580904293424
0.6268580904293424,0.5886175610727105,0.6470559615694442,0.665503761078693
0.665503761078693,0.6268580904293424,0.6660118674342517,0.7044971133764828
0.7044971133764828,0.665503761078693,0.6845471059286886,0.7437754276177659
0.7437754276177659,0.7044971133764828,0.7026499697988492,0.7832708472501354
0.7832708472501354,0.7437754276177659,0.7203090248879069,0.8229098344362018
0.8229098344362018,0.7832708472501354,0.7375131173581739,0.8626131996637524
0.8626131996637524,0.8229098344362018,0.7542513807361038,0.9022966776755584
0.9022966776755584,0.8626131996637524,0.7705132427757893,0.9418716630391105
0.9418716630391105,0.9022966776755584,0.7862884321366189,0.9812458625921424
0.9812458625921424,0.9418716630391105,0.8015669848708765,1.0203238345616086
1.0203238345616086,0.9812458625921424,0.8163392507171839,1.059007477648533
1.059007477648533,1.0203238345616086,0.8305958991958126,1.097196523817225
1.097196523817225,1.059007477648533,0.8443279255020151,1.1347890510606802
1.1347890510606802,1.097196523817225,0.8575266561936522,1.1716820110251343
1.1716820110251343,1.1347890510606802,0.8701837546695257,1.2077717640554433
1.2077717640554433,1.1716820110251343,0.8822912264349533,1.2429546184647544
1.2429546184647544,1.2077717640554433,0.8938414241512637,1.2771273732297814
1.2771273732297814,1.2429546184647544,0.9048270524660196,1.310187862903395
1.310187862903395,1.2771273732297814,0.9152411726209175,1.3420355023088666
1.3420355023088666,1.310187862903395,0.925077206834458,1.3725718278507133
1.3725718278507133,1.3420355023088666,0.934328942456612,1.4017010321132435
1.4017010321132435,1.3725718278507133,0.9429905358928644,1.42933048845322
1.42933048845322,1.4017010321132435,0.9510565162951535,1.4553712623168096
1.4553712623168096,1.42933048845322,0.9585217890173758,1.479738606018003
1.479738606018003,1.4553712623168096,0.9653816388332739,1.5023524337557612
1.5023524337557612,1.479738606018003,0.9716317329146739,1.5231377737389158
1.5231377737389158,1.5023524337557612,0.9772681235681935,1.5420251944215586
1.5420251944215586,1.5231377737389158,0.9822872507286887,1.5589512020141245
1.5589512020141245,1.5420251944215586,0.986685944207868,1.5738586066204254
1.5738586066204254,1.5589512020141245,0.9904614256966512,1.5866968545565467
1.5866968545565467,1.5738586066204254,0.9936113105200084,1.5974223246320867
1.5974223246320867,1.5866968545565467,0.9961336091431725,1.6059985864153261
1.6059985864153261,1.5974223246320867,0.9980267284282716,1.6123966187589187
1.6123966187589187,1.6059985864153261,0.9992894726405892,1.6165949871293135
1.6165949871293135,1.6123966187589187,0.9999210442038161,1.6185799785592931
1.6185799785592931,1.6165949871293135,0.9999210442038161,1.618345693326915
1.618345693326915,1.6185799785592931,0.9992894726405892,1.6158940927539187
1.6158940927539187,1.618345693326915,0.9980267284282716,1.6112350028106155
1.6112350028106155,1.6158940927539187,0.9961336091431725,1.6043860735107134
1.6043860735107134,1.6112350028106155,0.9936113105200084,1.5953726943768605
1.5953726943768605,1.6043860735107134,0.9904614256966512,1.5842278665543303
1.5842278665543303,1.5953726943768605,0.986685944207868,1.5709920324447193
1.5709920324447193,1.5842278665543303,0.9822872507286887,1.555712864022266
1.555712864022266,1.5709920324447193,0.9772681235681935,1.53844501128098
1.53844501128098,1.555712864022266,0.971631732914674,1.5192498125397063
1.5192498125397063,1.53844501128098,0.9653816388332739,1.4981949686030973
1.4981949686030973,1.5192498125397063,0.958521789017376,1.475354183037806
1.475354183037806,1.4981949686030973,0.9510565162951536,1.450806771073512
1.450806771073512,1.475354183037806,0.9429905358928645,1.4246372398762528
1.4246372398762528,1.450806771073512,0.9343289424566121,1.3969348431653925
1.3969348431653925,1.4246372398762528,0.925077206834458,1.3677931133538985
1.3677931133538985,1.3969348431653925,0.9152411726209175,1.337309374582876
1.337309374582876,1.3677931133538985,0.9048270524660195,1.3055842401938211
1.3055842401938211,1.337309374582876,0.8938414241512639,1.272721098334241
1.272721098334241,1.3055842401938211,0.8822912264349535,1.2388255895223148
1.2388255895223148,1.272721098334241,0.8701837546695255,1.2040050801024624
1.2040050801024624,1.2388255895223148,0.8575266561936522,1.168368135604177
1.168368135604177,1.2040050801024624,0.8443279255020152,1.1320239980694373
1.1320239980694373,1.168368135604177,0.8305958991958127,1.0950820714376508
1.0950820714376508,1.1320239980694373,0.816339250717184,1.0576514190694843
1.0576514190694843,1.0950820714376508,0.8015669848708769,1.0198402774503692
1.0198402774503692,1.0576514190694843,0.7862884321366188,0.9817555900392205
0.9817555900392205,1.0198402774503692,0.7705132427757893,0.9435025651163336
0.9435025651163336,0.9817555900392205,0.754251380736104,0.9051842613349946
0.9051842613349946,0.9435025651163336,0.7375131173581739,0.8669012044927301
0.8669012044927301,0.9051842613349946,0.720309024887907,0.8287510388088835
0.8287510388088835,0.8669012044927301,0.7026499697988492,0.7908282157240245
0.7908282157240245,0.8287510388088835,0.6845471059286885,0.7532237229219418
0.7532237229219418,0.7908282157240245,0.6660118674342517,0.7160248559144556
0.7160248559144556,0.7532237229219418,0.6470559615694446,0.6793150341198846
0.6793150341198846,0.7160248559144556,0.6276913612907006,0.6431736629027801
0.6431736629027801,0.6793150341198846,0.6079302976946053,0.6076760425178751
0.6076760425178751,0.6431736629027801,0.5877852522924732,0.5728933243033296
0.5728933243033296,0.6076760425178751,0.5672689491267564,0.5388925137795403
0.5388925137795403,0.5728933243033296,0.5463943467342692,0.5057365195038317
0.5057365195038317,0.5388925137795403,0.525174629961296,0.47348424557047675
0.47348424557047675,0.5057365195038317,0.5036232016357606,0.4421907244765903
0.4421907244765903,0.47348424557047675,0.4817536741017152,0.41190728562435996
0.41190728562435996,0.4421907244765903,0.459579860621488,0.38268175290073536
0.38268175290073536,0.41190728562435996,0.4371157666509329,0.3545586624390606
0.3545586624390606,0.38268175290073536,0.4143755809932843,0.327579488661152
0.327579488661152,0.3545586624390606,0.3913736668372028,0.3017828628261153
0.3017828628261153,0.327579488661152,0.36812455268467775,0.2772047633470907
0.2772047633470907,0.3017828628261153,0.34464292317451706,0.25387865083900774
0.25387865083900774,0.2772047633470907,0.3209436098072097,0.23183551301073596
0.23183551301073596,0.25387865083900774,0.2970415815770349,0.21110377498041447
0.21110377498041447,0.23183551301073596,0.27295193551732544,0.1917090194302072
0.1917090194302072,0.21110377498041447,0.24868988716485482,0.17367344863298545
0.17367344863298545,0.1917090194302072,0.224270760949381,0.1570150077564265
0.1570150077564265,0.17367344863298545,0.19970998051440705,0.14174607780534765
0.14174607780534765,0.1570150077564265,0.1750230589752763,0.12787164006531118
0.12787164006531118,0.14174607780534765,0.15022558912075712,0.1153868162716763
0.1153868162716763,0.12787164006531118,0.12533323356430454,0.10427370555200526
0.10427370555200526,0.1153868162716763,0.10036171485121498,0.09449747677047246
0.09449747677047246,0.10427370555200526,0.0753268055279326,0.08600173872985405
0.08600173872985405,0.09449747677047246,0.05024431817976966,0.07870330274915742
0.07870330274915742,0.08600173872985405,0.025130095443337813,0.07248656701653589
0.07248656701653589,0.07870330274915742,1.2246467991473532e-16,0.06719787251211556
0.06719787251211556,0.07248656701653589,-0.02513009544333757,0.06264027354871873
0.06264027354871873,0.06719787251211556,-0.05024431817976942,0.058569184154921565
0.058569184154921565,0.06264027354871873,-0.07532680552793279,0.054689247498673335
0.054689247498673335,0.058569184154921565,-0.10036171485121473,0.05065247554053016
0.05065247554053016,0.054689247498673335,-0.12533323356430384,0.046057184307176535
0.046057184307176535,0.05065247554053016,-0.1502255891207573,0.04044649449216817
0.04044649449216817,0.046057184307176535,-0.1750230589752761,0.03330416910580257
0.03330416910580257,0.04044649449216817,-0.19970998051440683,0.02404424905129312
0.02404424905129312,0.03330416910580257,-0.2242707609493812,0.011989054464198328
0.011989054464198328,0.02404424905129312,-0.24868988716485457,-0.003673083797726238
-0.003673083797726238,0.011989054464198328,-0.2729519355173252,-0.02396524099934017
-0.02396524099934017,-0.003673083797726238,-0.2970415815770351,-0.05026267000649194
-0.05026267000649194,-0.02396524099934017,-0.3209436098072095,-0.08455553586492912
-0.08455553586492912,-0.05026267000649194,-0.34464292317451684,-0.129966697389451
-0.129966697389451,-0.08455553586492912,-0.3681245526846779,-0.19185779490295723
-0.19185779490295723,-0.129966697389451,-0.39137366683720215,-0.2804657743825776
-0.2804657743825776,-0.19185779490295723,-0.4143755809932841,-0.41820126584180645
-0.41820126584180645,-0.2804657743825776,-0.43711576665093305,-0.6647308761443385
-0.6647308761443385,-0.41820126584180645,-0.45957986062148776,-1.2396139227215421
-1.2396139227215421,-0.6647308761443385,-0.481753674101715,-3.809178341569948
-3.809178341569948,-1.2396139227215421,-0.5036232016357607,15.76941231718949
15.76941231718949,-3.809178341569948,-0.5251746299612958,-5.758379500086267
-5.758379500086267,15.76941231718949,-0.546394346734269,-0.5065101596319265
-0.5065101596319265,-5.758379500086267,-0.5672689491267565,-0.07609784263698752
-0.07609784263698752,-0.5065101596319265,-0.587785252292473,-0.357278273747227
-0.357278273747227,-0.07609784263698752,-0.607930297694605,-0.6113841683775271
-0.6113841683775271,-0.357278273747227,-0.6276913612907004,-1.198550581989997
-1.198550581989997,-0.6113841683775271,-0.6470559615694443,-3.3550630473452556
-3.3550630473452556,-1.198550581989997,-0.6660118674342514,16.60235084541648
16.60235084541648,-3.3550630473452556,-0.6845471059286887,-7.370423795490343
-7.370423795490343,16.60235084541648,-0.7026499697988491,-0.7656283719137946
-0.7656283719137946,-7.370423795490343,-0.7203090248879066,-0.2535439606582133
-0.2535439606582133,-0.7656283719137946,-0.737513117358174,-1.4829553927901054
-1.4829553927901054,-0.2535439606582133,-0.7542513807361038,-2.41575133899907
-2.41575133899907,-1.4829553927901054,-0.7705132427757894,4.544571012416149
4.544571012416149,-2.41575133899907,-0.7862884321366186,-3.6961289372210295
-3.6961289372210295,4.544571012416149,-0.8015669848708764,-1.181635771965292
-1.181635771965292,-3.6961289372210295,-0.8163392507171839,-0.10574521436272
-0.10574521436272,-1.181635771965292,-0.8305958991958122,0.009163327016812661
0.009163327016812661,-0.10574521436272,-0.8443279255020147,-0.5916657495414931
-0.5916657495414931,0.009163327016812661,-0.8575266561936525,-1.216877264431181
-1.216877264431181,-0.5916657495414931,-0.8701837546695256,-3.639021232856363
-3.639021232856363,-1.216877264431181,-0.8822912264349534,16.09236458119174
16.09236458119174,-3.639021232856363,-0.8938414241512639,-6.811990226698308
-6.811990226698308,16.09236458119174,-0.9048270524660194,-1.13933271705731
-1.13933271705731,-6.811990226698308,-0.9152411726209175,-0.5706353584949936
-0.5706353584949936,-1.13933271705731,-0.925077206834458,3.3038358727501826
3.3038358727501826,-0.5706353584949936,-0.9343289424566118,6.8790670985464715
6.8790670985464715,3.3038358727501826,-0.9429905358928643,0.7598206507479279
0.7598206507479279,6.8790670985464715,-0.9510565162951535,-0.7638033430060425
-0.7638033430060425,0.7598206507479279,-0.9585217890173756,-1.3146787325976046
-1.3146787325976046,-0.7638033430060425,-0.965381638833274,-6.4657331834055025
-6.4657331834055025,-1.3146787325976046,-0.9716317329146741,19.62980635386007
19.62980635386007,-6.4657331834055025,-0.9772681235681934,-4.524774344086629
-4.524774344086629,19.62980635386007,-0.9822872507286887,-1.1671293058427572
-1.1671293058427572,-4.524774344086629,-0.9866859442078681,-0.6294655554271886
-0.6294655554271886,-1.1671293058427572,-0.9904614256966512,2.7946822354206944
2.7946822354206944,-0.6294655554271886,-0.9936113105200084,6.561344676906921
6.561344676906921,2.7946822354206944,-0.9961336091431725,0.7406437431865825
0.7406437431865825,6.561344676906921,-0.9980267284282716,-0.8961405322441844
-0.8961405322441844,0.7406437431865825,-0.9992894726405892,-1.5127027551691286
-1.5127027551691286,-0.8961405322441844,-0.9999210442038161,-15.564663086344936
-15.564663086344936,-1.5127027551691286,-0.9999210442038161,29.35830091099249
29.35830091099249,-15.564663086344936,-0.9992894726405892,-3.0135911840848406
-3.0135911840848406,29.35830091099249,-0.9980267284282716,-1.0933593111878834
-1.0933593111878834,-3.0135911840848406,-0.9961336091431725,-0.44545589758517634
-0.44545589758517634,-1.0933593111878834,-0.9936113105200084,3.7904575955698823
3.7904575955698823,-0.44545589758517634,-0.9904614256966512,5.86361170563741
5.86361170563741,3.7904575955698823,-0.9866859442078681,0.26343185838968264
0.26343185838968264,5.86361170563741,-0.9822872507286887,-0.9094164809762582
-0.9094164809762582,0.26343185838968264,-0.9772681235681935,-1.653141437399495
-1.653141437399495,-0.9094164809762582,-0.9716317329146741,-19.167200704470748
-19.167200704470748,-1.653141437399495,-0.9653816388332738,28.446472883745024
28.446472883745024,-19.167200704470748,-0.9585217890173757,-2.446470195242399
-2.446470195242399,28.446472883745024,-0.9510565162951536,-0.9433206437551178
-0.9433206437551178,-2.446470195242399,-0.9429905358928644,-0.18638302948740315
-0.18638302948740315,-0.9433206437551178,-0.9343289424566119,-4.104017578776632
-4.104017578776632,-0.18638302948740315,-0.9250772068344583,-5.835815501683814
-5.835815501683814,-4.104017578776632,-0.9152411726209176,1.113417770948943
1.113417770948943,-5.835815501683814,-0.9048270524660196,-0.971036816266747
-0.971036816266747,1.113417770948943,-0.8938414241512641,-1.173599618499854
-1.173599618499854,-0.971036816266747,-0.8822912264349535,-41.20720292222052
-41.20720292222052,-1.173599618499854,-0.8701837546695254,236.7102817258383
236.7102817258383,-41.20720292222052,-0.8575266561936523,-6.5178445157252245
-6.5178445157252245,236.7102817258383,-0.844327925502015,-0.629331914650945
-0.629331914650945,-6.5178445157252245,-0.8305958991958124,-0.45896548794072967
-0.45896548794072967,-0.629331914650945,-0.8163392507171842,-1.7822279594963466
-1.7822279594963466,-0.45896548794072967,-0.8015669848708766,-3.8091259180778536
-3.8091259180778536,-1.7822279594963466,-0.7862884321366188,4.383463056853165
4.383463056853165,-3.8091259180778536,-0.7705132427757896,-2.0178831706118414
-2.0178831706118414,4.383463056853165,-0.754251380736104,-0.8039198955592511
-0.8039198955592511,-2.0178831706118414,-0.737513117358174,0.3886435781773347
0.3886435781773347,-0.8039198955592511,-0.7203090248879075,1.6083365346315683
1.6083365346315683,0.3886435781773347,-0.702649969798849,0.8112966506048881
0.8112966506048881,1.6083365346315683,-0.6845471059286883,-0.009742151069434324
-0.009742151069434324,0.8112966506048881,-0.6660118674342518,-0.3008026387075927
-0.3008026387075927,-0.009742151069434324,-0.6470559615694443,-0.5746722404801161
-0.5746722404801161,-0.3008026387075927,-0.6276913612907002,-1.0692109241424048
-1.0692109241424048,-0.5746722404801161,-0.6079302976946057,-2.7385301516947576
-2.7385301516947576,-1.0692109241424048,-0.5877852522924734,39.3648140112795
39.3648140112795,-2.7385301516947576,-0.5672689491267565,-22.82512721204481
-22.82512721204481,39.3648140112795,-0.5463943467342697,-0.7285951617294847
-0.7285951617294847,-22.82512721204481,-0.525174629961296,-0.11146425220262032
-0.11146425220262032,-0.7285951617294847,-0.503623201635761,-0.5384308216625666
-0.5384308216625666,-0.11146425220262032,-0.4817536741017153,-0.7177839920129299
-0.7177839920129299,-0.5384308216625666,-0.4595798606214877,-1.6521646920553736
-1.6521646920553736,-0.7177839920129299,-0.43711576665093255,-5.93777556023635
-5.93777556023635,-1.6521646920553736,-0.4143755809932844,9.033566684098462
9.033566684098462,-5.93777556023635,-0.3913736668372025,-1.8894290376783707
-1.8894290376783707,9.033566684098462,-0.36812455268467786,-0.23819745822831728
-0.23819745822831728,-1.8894290376783707,-0.34464292317451756,0.22687314775383416
0.22687314775383416,-0.23819745822831728,-0.3209436098072098,0.2647522293579124
0.2647522293579124,0.22687314775383416,-0.29704158157703503,0.18958521960956337
0.18958521960956337,0.2647522293579124,-0.272951935517326,0.12956342667828075
0.12956342667828075,0.18958521960956337,-0.24868988716485535,0.09353415303979343
0.09353415303979343,0.12956342667828075,-0.2242707609493807,0.07152534814716319
0.07152534814716319,0.09353415303979343,-0.1997099805144072,0.05744226381340179
0.05744226381340179,0.07152534814716319,-0.175023058975276,0.04824644360306863
0.04824644360306863,0.05744226381340179,-0.1502255891207568,0.04223535535553979
0.04223535535553979,0.04824644360306863,-0.12533323356430465,0.03832264981919772
0.03832264981919772,0.04223535535553979,-0.10036171485121509,0.035758779006807635
0.035758779006807635,0.03832264981919772,-0.07532680552793272,0.034011571904749904
0.034011571904749904,0.035758779006807635,-0.05024431817977022,0.03271050706481136
0.03271050706481136,0.034011571904749904,-0.025130095443337937,0.031618695556375254
0.031618695556375254,0.03271050706481136,-2.4492935982947064e-16,0.030617191691253817
0.030617191691253817,0.031618695556375254,0.025130095443337445,0.029694657356215348
0.029694657356215348,0.030617191691253817,0.05024431817976974,0.028939340889490506
0.028939340889490506,0.029694657356215348,0.07532680552793311,0.02853219301253152
0.02853219301253152,0.028939340889490506,0.1003617148512146,0.028740604128292456
0.028740604128292456,0.02853219301253152,0.12533323356430418,0.029912106932679747
0.029912106932679747,0.028740604128292456,0.1502255891207572,0.03246668286907251
0.03246668286907251,0.029912106932679747,0.1750230589752755,0.03688523516950019
0.03688523516950019,0.03246668286907251,0.1997099805144067,0.043690599615703436
0.043690599615703436,0.03688523516950019,0.2242707609493811,0.053416619387668084
0.053416619387668084,0.043690599615703436,0.24868988716485402,0.06656115101578663
0.06656115101578663,0.053416619387668084,0.27295193551732466,0.08352164239874874
0.08352164239874874,0.06656115101578663,0.2970415815770354,0.10451836432429301
0.10451836432429301,0.08352164239874874,0.3209436098072094,0.1295204553633058
0.1295204553633058,0.10451836432429301,0.3446429231745171,0.15820044736278271
0.15820044736278271,0.1295204553633058,0.3681245526846782,0.18994648529518499
0.18994648529518499,0.15820044736278271,0.39137366683720204,0.22394940626566193
0.22394940626566193,0.18994648529518499,0.414375580993284,0.2593524803389933
0.2593524803389933,0.22394940626566193,0.43711576665093294,0.2954178341714288
0.2954178341714288,0.2593524803389933,0.45957986062148726,0.3316486888697341
0.3316486888697341,0.2954178341714288,0.4817536741017149,0.3678253428244605
0.3678253428244605,0.3316486888697341,0.5036232016357607,0.4039551441425585
0.4039551441425585,0.3678253428244605,0.5251746299612957,0.44017412358008823
0.44017412358008823,0.4039551441425585,0.5463943467342692,0.47664862370217004
0.47664862370217004,0.44017412358008823,0.5672689491267568,0.5135097471739252
0.5135097471739252,0.47664862370217004,0.5877852522924729,0.5508283236974107
0.5508283236974107,0.5135097471739252,0.6079302976946054,0.5886194696632423
0.5886194696632423,0.5508283236974107,0.6276913612907006,0.6268598281729106
0.6268598281729106,0.5886194696632423,0.6470559615694439,0.6655043808786238
0.6655043808786238,0.6268598281729106,0.6660118674342514,0.704497057401108
0.704497057401108,0.6655043808786238,0.6845471059286886,0.7437752365965571
0.7437752365965571,0.704497057401108,0.7026499697988486,0.7832707495111807
0.7832707495111807,0.7437752365965571,0.7203090248879065,0.8229098275913678
0.8229098275913678,0.7832707495111807,0.7375131173581743,0.8626132211175201
0.8626132211175201,0.8229098275913678,0.7542513807361038,0.9022966912213679
0.9022966912213679,0.8626132211175201,0.7705132427757893,0.9418716647319283
0.9418716647319283,0.9022966912213679,0.786288432136619,0.9812458599563656
0.9812458599563656,0.9418716647319283,0.8015669848708763,1.020323832763769
1.020323832763769,0.9812458599563656,0.8163392507171838,1.059007477426229
1.059007477426229,1.020323832763769,0.8305958991958127,1.0971965241736448
1.0971965241736448,1.059007477426229,0.8443279255020147,1.1347890512913152
1.1347890512913152,1.0971965241736448,0.8575266561936521,1.1716820110431472
1.1716820110431472,1.1347890512913152,0.8701837546695256,1.2077717640045846
1.2077717640045846,1.1716820110431472,0.8822912264349528,1.2429546184367215
1.2429546184367215,1.2077717640045846,0.8938414241512639,1.2771273732300537
1.2771273732300537,1.2429546184367215,0.9048270524660197,1.310187862910633
1.310187862910633,1.2771273732300537,0.9152411726209174,1.342035502311976
1.342035502311976,1.310187862910633,0.925077206834458,1.3725718278502392
1.3725718278502392,1.342035502311976,0.9343289424566121,1.4017010321122632
1.4017010321122632,1.3725718278502392,0.9429905358928643,1.4293304884529245
1.4293304884529245,1.4017010321122632,0.9510565162951535,1.4553712623169295
1.4553712623169295,1.4293304884529245,0.9585217890173758,1.4797386060181255
1.4797386060181255,1.4553712623169295,0.9653816388332737,1.5023524337557812
1.5023524337557812,1.4797386060181255,0.9716317329146738,1.5231377737388936
1.5231377737388936,1.5023524337557812,0.9772681235681934,1.5420251944215448
1.5420251944215448,1.5231377737388936,0.9822872507286886,1.558951202014124
1.558951202014124,1.5420251944215448,0.986685944207868,1.5738586066204285
1.5738586066204285,1.558951202014124,0.9904614256966513,1.5866968545565483
1.5866968545565483,1.5738586066204285,0.9936113105200084,1.5974223246320864
1.5974223246320864,1.5866968545565483,0.9961336091431725,1.6059985864153257
1.6059985864153257,1.5974223246320864,0.9980267284282716,1.6123966187589187
1.6123966187589187,1.6059985864153257,0.9992894726405892,1.6165949871293135
1.6165949871293135,1.6123966187589187,0.9999210442038161,1.6185799785592931
1.6185799785592931,1.6165949871293135,0.9999210442038161,1.618345693326915
1.618345693326915,1.6185799785592931,0.9992894726405893,1.615894092753919
1.615894092753919,1.618345693326915,0.9980267284282716,1.6112350028106155
1.6112350028106155,1.615894092753919,0.9961336091431724,1.604386073510713
1.604386073510713,1.6112350028106155,0.9936113105200084,1.5953726943768602
1.5953726943768602,1.604386073510713,0.9904614256966512,1.5842278665543303
1.5842278665543303,1.5953726943768602,0.986685944207868,1.5709920324447193
1.5709920324447193,1.5842278665543303,0.9822872507286886,1.5557128640222655
1.5557128640222655,1.5709920324447193,0.9772681235681937,1.5384450112809807
1.5384450112809807,1.5557128640222655,0.9716317329146742,1.5192498125397074
1.5192498125397074,1.5384450112809807,0.9653816388332741,1.4981949686030982
1.4981949686030982,1.5192498125397074,0.9585217890173761,1.4753541830378065
1.4753541830378065,1.4981949686030982,0.9510565162951536,1.4508067710735117
1.4508067710735117,1.4753541830378065,0.9429905358928645,1.4246372398762528
1.4246372398762528,1.4508067710735117,0.934328942456612,1.396934843165392
1.396934843165392,1.4246372398762528,0.9250772068344586,1.3677931133538999
1.3677931133538999,1.396934843165392,0.9152411726209173,1.3373093745828761
1.3373093745828761,1.3677931133538999,0.90482705246602,1.3055842401938222
1.3055842401938222,1.3373093745828761,0.8938414241512641,1.2727210983342419
1.2727210983342419,1.3055842401938222,0.8822912264349527,1.238825589522313
1.238825589522313,1.2727210983342419,0.8701837546695258,1.204005080102462
1.204005080102462,1.238825589522313,0.8575266561936523,1.1683681356041775
1.1683681356041775,1.204005080102462,0.8443279255020151,1.1320239980694373
1.1320239980694373,1.1683681356041775,0.8305958991958124,1.0950820714376501
1.0950820714376501,1.1320239980694373,0.8163392507171847,1.0576514190694852
1.0576514190694852,1.0950820714376501,0.8015669848708762,1.0198402774503685
1.0198402774503685,1.0576514190694852,0.7862884321366195,0.9817555900392212
0.9817555900392212,1.0198402774503685,0.7705132427757897,0.9435025651163347
0.9435025651163347,0.9817555900392212,0.7542513807361041,0.9051842613349952
0.9051842613349952,0.9435025651163347,0.737513117358174,0.8669012044927302
0.8669012044927302,0.9051842613349952,0.7203090248879069,0.8287510388088832
0.8287510388088832,0.8669012044927302,0.7026499697988491,0.7908282157240243
0.7908282157240243,0.8287510388088832,0.6845471059286884,0.7532237229219416
0.7532237229219416,0.7908282157240243,0.6660118674342526,0.7160248559144567
0.7160248559144567,0.7532237229219416,0.6470559615694437,0.6793150341198841
0.6793150341198841,0.7160248559144567,0.6276913612907011,0.6431736629027802
0.6431736629027802,0.6793150341198841,0.6079302976946058,0.607676042517876
0.607676042517876,0.6431736629027802,0.5877852522924734,0.5728933243033302
0.5728933243033302,0.607676042517876,0.5672689491267566,0.5388925137795406
0.5388925137795406,0.5728933243033302,0.5463943467342705,0.505736519503833
0.505736519503833,0.5388925137795406,0.5251746299612955,0.4734842455704771
0.4734842455704771,0.505736519503833,0.5036232016357604,0.4421907244765901
0.4421907244765901,0.4734842455704771,0.4817536741017162,0.4119072856243605
0.4119072856243605,0.4421907244765901,0.45957986062148704,0.38268175290073514
0.38268175290073514,0.4119072856243605,0.4371157666509335,0.35455866243906076
0.35455866243906076,0.38268175290073514,0.41437558099328453,0.3275794886611523
0.3275794886611523,0.35455866243906076,0.3913736668372026,0.30178286282611533
0.30178286282611533,0.3275794886611523,0.368124552684678,0.27720476334709077
0.27720476334709077,0.30178286282611533,0.3446429231745185,0.2538786508390083
0.2538786508390083,0.27720476334709077,0.3209436098072091,0.23183551301073618
0.23183551301073618,0.2538786508390083,0.2970415815770343,0.2111037749804144
0.2111037749804144,0.23183551301073618,0.2729519355173261,0.1917090194302073
0.1917090194302073,0.2111037749804144,0.24868988716485377,0.17367344863298537
0.17367344863298537,0.1917090194302073,0.22427076094938167,0.1570150077564265
0.1570150077564265,0.17367344863298537,0.1997099805144073,0.14174607780534768
0.14174607780534768,0.1570150077564265,0.17502305897527612,0.1278716400653112
0.1278716400653112,0.14174607780534768,0.15022558912075692,0.11538681627167631
0.11538681627167631,0.1278716400653112,0.12533323356430567,0.10427370555200531
0.10427370555200531,0.11538681627167631,0.10036171485121433,0.09449747677047249
0.09449747677047249,0.10427370555200531,0.07532680552793372,0.08600173872985409
0.08600173872985409,0.09449747677047249,0.05024431817977035,0.07870330274915745
0.07870330274915745,0.08600173872985409,0.025130095443336282,0.07248656701653589
0.07248656701653589,0.07870330274915745,3.6739403974420594e-16,0.06719787251211556
0.06719787251211556,0.07248656701653589,-0.025130095443337323,0.06264027354871873
0.06264027354871873,0.06719787251211556,-0.05024431817976961,0.058569184154921565
0.058569184154921565,0.06264027354871873,-0.07532680552793299,0.054689247498673335
0.054689247498673335,0.058569184154921565,-0.1003617148512136,0.05065247554053019
0.05065247554053019,0.054689247498673335,-0.12533323356430492,0.046057184307176514
0.046057184307176514,0.05065247554053019,-0.1502255891207562,0.04044649449216822
0.04044649449216822,0.046057184307176514,-0.1750230589752754,0.03330416910580269
0.03330416910580269,0.04044649449216822,-0.19970998051440658,0.024044249051293255
0.024044249051293255,0.03330416910580269,-0.22427076094938095,0.011989054464198491
0.011989054464198491,0.024044249051293255,-0.24868988716485477,-0.0036730837977261167
-0.0036730837977261167,0.011989054464198491,-0.27295193551732544,-0.023965240999340096
-0.023965240999340096,-0.0036730837977261167,-0.2970415815770353,-0.05026267000649192
-0.05026267000649192,-0.023965240999340096,-0.3209436098072084,-0.08455553586492875
-0.08455553586492875,-0.05026267000649192,-0.34464292317451783,-0.12996669738945096
-0.12996669738945096,-0.08455553586492875,-0.36812455268467725,-0.19185779490295687
-0.19185779490295687,-0.12996669738945096,-0.39137366683720193,-0.28046577438257714
-0.28046577438257714,-0.19185779490295687,-0.41437558099328387,-0.41820126584180567
-0.41820126584180567,-0.28046577438257714,-0.4371157666509328,-0.6647308761443369
-0.6647308761443369,-0.41820126584180567,-0.45957986062148637,-1.2396139227215373
-1.2396139227215373,-0.6647308761443369,-0.48175367410171555,-3.8091783415699165
-3.8091783415699165,-1.2396139227215373,-0.5036232016357612,15.769412317189682
15.769412317189682,-3.8091783415699165,-0.5251746299612948,-5.758379500086398
-5.758379500086398,15.769412317189682,-0.5463943467342699,-0.506510159631931
-0.506510159631931,-5.758379500086398,-0.567268949126756,-0.07609784263698892
-0.07609784263698892,-0.506510159631931,-0.5877852522924728,-0.357278273747231
-0.357278273747231,-0.07609784263698892,-0.6079302976946053,-0.6113841683775322
-0.6113841683775322,-0.357278273747231,-0.6276913612907005,-1.198550581990011
-1.198550581990011,-0.6113841683775322,-0.6470559615694431,-3.3550630473453307
-3.3550630473453307,-1.198550581990011,-0.6660118674342519,16.60235084541567
16.60235084541567,-3.3550630473453307,-0.6845471059286878,-7.370423795489772
-7.370423795489772,16.60235084541567,-0.7026499697988485,-0.7656283719137806
-0.7656283719137806,-7.370423795489772,-0.7203090248879076,-0.2535439606582063
-0.2535439606582063,-0.7656283719137806,-0.7375131173581736,-1.4829553927900103
-1.4829553927900103,-0.2535439606582063,-0.7542513807361036,-2.4157513389989234
-2.4157513389989234,-1.4829553927900103,-0.7705132427757891,4.54457101241683
4.54457101241683,-2.4157513389989234,-0.786288432136619,-3.696128937221843
-3.696128937221843,4.54457101241683,-0.8015669848708757,-1.1816357719653556
-1.1816357719653556,-3.696128937221843,-0.8163392507171843,-0.1057452143628293
-0.1057452143628293,-1.1816357719653556,-0.8305958991958121,0.009163327017210343
0.009163327017210343,-0.1057452143628293,-0.8443279255020146,-0.591665749541047
-0.591665749541047,0.009163327017210343,-0.8575266561936529,-1.2168772644305086
-1.2168772644305086,-0.591665749541047,-0.8701837546695255,-3.6390212328514613
-3.6390212328514613,-1.2168772644305086,-0.8822912264349532,16.092364581221155
16.092364581221155,-3.6390212328514613,-0.8938414241512638,-6.81199022672078
-6.81199022672078,16.092364581221155,-0.9048270524660197,-1.13933271705794
-1.13933271705794,-6.81199022672078,-0.9152411726209171,-0.5706353584956421
-0.5706353584956421,-1.13933271705794,-0.9250772068344584,3.30383587273632
3.30383587273632,-0.5706353584956421,-0.9343289424566117,6.879067098525806
6.879067098525806,3.30383587273632,-0.9429905358928643,0.7598206507482745
0.7598206507482745,6.879067098525806,-0.9510565162951534,-0.7638033430057453
-0.7638033430057453,0.7598206507482745,-0.9585217890173758,-1.3146787325973506
-1.3146787325973506,-0.7638033430057453,-0.9653816388332739,-6.465733183397423
-6.465733183397423,-1.3146787325973506,-0.971631732914674,19.629806353850977
19.629806353850977,-6.465733183397423,-0.9772681235681936,-4.524774344090275
-4.524774344090275,19.629806353850977,-0.9822872507286885,-1.1671293058430299
-1.1671293058430299,-4.524774344090275,-0.9866859442078683,-0.6294655554274542
-0.6294655554274542,-1.1671293058430299,-0.9904614256966511,2.794682235416139
2.794682235416139,-0.6294655554274542,-0.9936113105200084,6.561344676900032
6.561344676900032,2.794682235416139,-0.9961336091431724,0.7406437431868431
0.7406437431868431,6.561344676900032,-0.9980267284282716,-0.8961405322440607
-0.8961405322440607,0.7406437431868431,-0.9992894726405892,-1.5127027551689805
-1.5127027551689805,-0.8961405322440607,-0.9999210442038161,-15.564663086326151
-15.564663086326151,-1.5127027551689805,-0.9999210442038161,29.35830091096462
29.35830091096462,-15.564663086326151,-0.9992894726405893,-3.013591184085527
-3.013591184085527,29.35830091096462,-0.9980267284282714,-1.093359311187997
-1.093359311187997,-3.013591184085527,-0.9961336091431725,-0.4454558975853051
-0.4454558975853051,-1.093359311187997,-0.9936113105200084,3.7904575955654627
3.7904575955654627,-0.4454558975853051,-0.9904614256966512,5.863611705631028
5.863611705631028,3.7904575955654627,-0.986685944207868,0.26343185838948
0.26343185838948,5.863611705631028,-0.9822872507286889,-0.9094164809762526
-0.9094164809762526,0.26343185838948,-0.9772681235681934,-1.6531414373996056
-1.6531414373996056,-0.9094164809762526,-0.9716317329146742,-19.167200704470847
-19.167200704470847,-1.6531414373996056,-0.9653816388332741,28.446472883740203
28.446472883740203,-19.167200704470847,-0.9585217890173756,-2.4464701952421244
-2.4464701952421244,28.446472883740203,-0.9510565162951538,-0.9433206437551223
-0.9433206437551223,-2.4464701952421244,-0.9429905358928645,-0.1863830294872767
-0.1863830294872767,-0.9433206437551223,-0.934328942456612,-4.104017578774658
-4.104017578774658,-0.1863830294872767,-0.9250772068344579,-5.835815501680604
-5.835815501680604,-4.104017578774658,-0.9152411726209181,1.1134177709491033
1.1134177709491033,-5.835815501680604,-0.9048270524660192,-0.9710368162669322
-0.9710368162669322,1.1134177709491033,-0.8938414241512642,-1.1735996184999071
-1.1735996184999071,-0.9710368162669322,-0.8822912264349536,-41.20720292248143
-41.20720292248143,-1.1735996184999071,-0.8701837546695259,236.71028172726872
236.71028172726872,-41.20720292248143,-0.8575266561936524,-6.517844515722597
-6.517844515722597,236.71028172726872,-0.8443279255020152,-0.6293319146507695
-0.6293319146507695,-6.517844515722597,-0.8305958991958126,-0.4589654879407074
-0.4589654879407074,-0.6293319146507695,-0.8163392507171837,-1.7822279594956996
-1.7822279594956996,-0.4589654879407074,-0.8015669848708773,-3.8091259180765236
-3.8091259180765236,-1.7822279594956996,-0.7862884321366185,4.3834630568554935
4.3834630568554935,-3.8091259180765236,-0.7705132427757898,-2.0178831706134095
-2.0178831706134095,4.3834630568554935,-0.7542513807361042,-0.8039198955593807
-0.8039198955593807,-2.0178831706134095,-0.7375131173581742,0.38864357817624506
0.38864357817624506,-0.8039198955593807,-0.720309024887907,1.6083365346273217
1.6083365346273217,0.38864357817624506,-0.7026499697988504,0.8112966506027366
0.8112966506027366,1.6083365346273217,-0.6845471059286885,-0.009742151069753069
-0.009742151069753069,0.8112966506027366,-0.6660118674342512,-0.3008026387077743
-0.3008026387077743,-0.009742151069753069,-0.6470559615694451,-0.5746722404803983
-0.5746722404803983,-0.3008026387077743,-0.6276913612906998,-1.0692109241430214
-1.0692109241430214,-0.5746722404803983,-0.6079302976946059,-2.738530151697875
-2.738530151697875,-1.0692109241430214,-0.5877852522924735,39.36481401097202
39.36481401097202,-2.738530151697875,-0.5672689491267567,-22.825127211827343
-22.825127211827343,39.36481401097202,-0.5463943467342691,-0.7285951617284042
-0.7285951617284042,-22.825127211827343,-0.525174629961297,-0.11146425220233803
-0.11146425220233803,-0.7285951617284042,-0.5036232016357605,-0.5384308216598912
-0.5384308216598912,-0.11146425220233803,-0.4817536741017163,-0.7177839920097271
-0.7177839920097271,-0.5384308216598912,-0.4595798606214887,-1.6521646920394215
-1.6521646920394215,-0.7177839920097271,-0.437115766650932,-5.937775560113386
-5.937775560113386,-1.6521646920394215,-0.41437558099328464,9.03356668413262
9.03356668413262,-5.937775560113386,-0.3913736668372027,-1.8894290377308476
-1.8894290377308476,9.03356668413262,-0.3681245526846781,-0.23819745823290644
-0.23819745823290644,-1.8894290377308476,-0.34464292317451695,0.22687314774319312
0.22687314774319312,-0.23819745823290644,-0.3209436098072109,0.2647522293457379
0.2647522293457379,0.22687314774319312,-0.2970415815770344,0.18958521960151195
0.18958521960151195,0.2647522293457379,-0.2729519355173262,0.12956342667335763
0.12956342667335763,0.18958521960151195,-0.2486898871648556,0.09353415303639204
0.09353415303639204,0.12956342667335763,-0.22427076094938006,0.07152534814451296
0.07152534814451296,0.09353415303639204,-0.19970998051440741,0.057442263811181664
0.057442263811181664,0.07152534814451296,-0.17502305897527623,0.048246443601129264
0.048246443601129264,0.057442263811181664,-0.15022558912075704,0.04223535535380155
0.04223535535380155,0.048246443601129264,-0.125333233564304,0.03832264981761407
0.03832264981761407,0.04223535535380155,-0.10036171485121623,0.03575877900534945
0.03575877900534945,0.03832264981761407,-0.07532680552793207,0.03401157190339807
0.03401157190339807,0.03575877900534945,-0.05024431817977047,0.03271050706355243
0.03271050706355243,0.03401157190339807,-0.02513009544333818,0.03161869555519909
0.03161869555519909,0.03271050706355243,-4.898587196589413e-16,0.030617191690152225
0.030617191690152225,0.03161869555519909,0.025130095443337202,0.02969465735518136
0.02969465735518136,0.030617191690152225,0.050244318179769494,0.02893934088851803
0.02893934088851803,0.02969465735518136,0.07532680552793287,0.028532193011615307
0.028532193011615307,0.02893934088851803,0.10036171485121524,0.028740604127428234
0.028740604127428234,0.028532193011615307,0.12533323356430304,0.029912106931864337
0.029912106931864337,0.028740604127428234,0.15022558912075784,0.03246668286830435
0.03246668286830435,0.029912106931864337,0.1750230589752753,0.036885235168779264
0.036885235168779264,0.03246668286830435,0.19970998051440647,0.043690599615031744
0.043690599615031744,0.036885235168779264,0.22427076094938084,0.053416619387049544
0.053416619387049544,0.043690599615031744,0.24868988716485466,0.06656115101522705
0.06656115101522705,0.053416619387049544,0.2729519355173236,0.0835216423982544
0.0835216423982544,0.06656115101522705,0.2970415815770352,0.10451836432387054
0.10451836432387054,0.0835216423982544,0.32094360980720993,0.1295204553629601
0.1295204553629601,0.10451836432387054,0.34464292317451606,0.1582004473625142
0.1582004473625142,0.1295204553629601,0.3681245526846788,0.1899464852949904
0.1899464852949904,0.1582004473625142,0.3913736668372018,0.22394940626553184
0.22394940626553184,0.1899464852949904,0.41437558099328375,0.25935248033891456
0.25935248033891456,0.22394940626553184,0.4371157666509327,0.2954178341713869
0.2954178341713869,0.25935248033891456,0.45957986062148787,0.3316486888697158
0.3316486888697158,0.2954178341713869,0.4817536741017139,0.36782534282445395
0.36782534282445395,0.3316486888697158,0.5036232016357612,0.40395514414255784
0.40395514414255784,0.36782534282445395,0.5251746299612947,0.44017412358008834
0.44017412358008834,0.40395514414255784,0.5463943467342683,0.47664862370216954
0.47664862370216954,0.44017412358008834,0.5672689491267573,0.5135097471739253
0.5135097471739253,0.47664862370216954,0.5877852522924727,0.5508283236974107
0.5508283236974107,0.5135097471739253,0.6079302976946052,0.5886194696632421
0.5886194696632421,0.5508283236974107,0.6276913612907005,0.6268598281729103
0.6268598281729103,0.5886194696632421,0.6470559615694444,0.6655043808786244
0.6655043808786244,0.6268598281729103,0.6660118674342506,0.7044970574011072
0.7044970574011072,0.6655043808786244,0.6845471059286891,0.7437752365965571
0.7437752365965571,0.7044970574011072,0.7026499697988484,0.7832707495111806
0.7832707495111806,0.7437752365965571,0.7203090248879064,0.8229098275913675
0.8229098275913675,0.7832707495111806,0.7375131173581735,0.8626132211175188
0.8626132211175188,0.8229098275913675,0.7542513807361035,0.9022966912213668
0.9022966912213668,0.8626132211175188,0.7705132427757891,0.9418716647319278
0.9418716647319278,0.9022966912213668,0.7862884321366189,0.9812458599563655
0.9812458599563655,0.9418716647319278,0.8015669848708767,1.0203238327637698
1.0203238327637698,0.9812458599563655,0.8163392507171832,1.0590074774262281
1.0590074774262281,1.0203238327637698,0.830595899195813,1.0971965241736448
1.0971965241736448,1.0590074774262281,0.8443279255020146,1.1347890512913152
1.1347890512913152,1.0971965241736448,0.8575266561936519,1.1716820110431467
1.1716820110431467,1.1347890512913152,0.8701837546695255,1.2077717640045842
1.2077717640045842,1.1716820110431467,0.8822912264349532,1.2429546184367222
1.2429546184367222,1.2077717640045842,0.8938414241512638,1.2771273732300539
1.2771273732300539,1.2429546184367222,0.9048270524660196,1.3101878629106325
1.3101878629106325,1.2771273732300539,0.9152411726209178,1.3420355023119765
1.3420355023119765,1.3101878629106325,0.9250772068344576,1.3725718278502383
1.3725718278502383,1.3420355023119765,0.9343289424566124,1.4017010321122634
1.4017010321122634,1.3725718278502383,0.9429905358928642,1.4293304884529245
1.4293304884529245,1.4017010321122634,0.9510565162951534,1.4553712623169293
1.4553712623169293,1.4293304884529245,0.9585217890173758,1.4797386060181252
1.4797386060181252,1.4553712623169293,0.9653816388332739,1.5023524337557816
1.5023524337557816,1.4797386060181252,0.9716317329146735,1.5231377737388931
1.5231377737388931,1.5023524337557816,0.9772681235681935,1.5420251944215448
1.5420251944215448,1.5231377737388931,0.9822872507286888,1.5589512020141247
1.5589512020141247,1.5420251944215448,0.9866859442078679,1.5738586066204283
1.5738586066204283,1.5589512020141247,0.9904614256966513,1.586696854556548
1.586696854556548,1.5738586066204283,0.9936113105200083,1.5974223246320862
1.5974223246320862,1.586696854556548,0.9961336091431724,1.6059985864153252
1.6059985864153252,1.5974223246320862,0.9980267284282716,1.6123966187589185
1.6123966187589185,1.6059985864153252,0.9992894726405892,1.6165949871293135
1.6165949871293135,1.6123966187589185,0.9999210442038161,1.6185799785592931
1.6185799785592931,1.6165949871293135,0.9999210442038161,1.618345693326915
1.618345693326915,1.6185799785592931,0.9992894726405893,1.615894092753919
1.615894092753919,1.618345693326915,0.9980267284282717,1.611235002810616
1.611235002810616,1.615894092753919,0.9961336091431724,1.6043860735107132
1.6043860735107132,1.611235002810616,0.9936113105200085,1.5953726943768607
1.5953726943768607,1.6043860735107132,0.9904614256966513,1.5842278665543308
1.5842278665543308,1.5953726943768607,0.986685944207868,1.5709920324447193
1.5709920324447193,1.5842278665543308,0.9822872507286886,1.5557128640222655
1.5557128640222655,1.5709920324447193,0.9772681235681938,1.5384450112809809
1.5384450112809809,1.5557128640222655,0.9716317329146738,1.519249812539706
1.519249812539706,1.5384450112809809,0.9653816388332741,1.4981949686030975
1.4981949686030975,1.519249812539706,0.9585217890173761,1.4753541830378065
1.4753541830378065,1.4981949686030975,0.9510565162951538,1.4508067710735122
1.4508067710735122,1.4753541830378065,0.9429905358928646,1.4246372398762532
1.4246372398762532,1.4508067710735122,0.9343289424566121,1.3969348431653925
1.3969348431653925,1.4246372398762532,0.925077206834458,1.3677931133538985
1.3677931133538985,1.3969348431653925,0.9152411726209174,1.3373093745828757
1.3373093745828757,1.3677931133538985,0.9048270524660201,1.3055842401938227
1.3055842401938227,1.3373093745828757,0.8938414241512634,1.2727210983342407
1.2727210983342407,1.3055842401938227,0.8822912264349537,1.2388255895223148
1.2388255895223148,1.2727210983342407,0.870183754669526,1.2040050801024635
1.2040050801024635,1.2388255895223148,0.8575266561936524,1.1683681356041782
1.1683681356041782,1.2040050801024635,0.8443279255020152,1.1320239980694375
1.1320239980694375,1.1683681356041782,0.8305958991958137,1.0950820714376528
1.0950820714376528,1.1320239980694375,0.8163392507171838,1.0576514190694848
1.0576514190694848,1.0950820714376528,0.8015669848708763,1.0198402774503679
1.0198402774503679,1.0576514190694848,0.7862884321366196,0.9817555900392212
0.9817555900392212,1.0198402774503679,0.7705132427757887,0.9435025651163331
0.9435025651163331,0.9817555900392212,0.7542513807361043,0.9051842613349947
0.9051842613349947,0.9435025651163331,0.7375131173581743,0.8669012044927309
0.8669012044927309,0.9051842613349947,0.720309024887907,0.8287510388088839
0.8287510388088839,0.8669012044927309,0.7026499697988493,0.7908282157240248
0.7908282157240248,0.8287510388088839,0.6845471059286898,0.7532237229219438
0.7532237229219438,0.7908282157240248,0.6660118674342513,0.7160248559144562
0.7160248559144562,0.7532237229219438,0.6470559615694452,0.6793150341198853
0.6793150341198853,0.7160248559144562,0.6276913612907012,0.6431736629027811
0.6431736629027811,0.6793150341198853,0.6079302976946046,0.6076760425178749
0.6076760425178749,0.6431736629027811,0.5877852522924736,0.5728933243033296
0.5728933243033296,0.6076760425178749,0.5672689491267568,0.5388925137795407
0.5388925137795407,0.5728933243033296,0.5463943467342692,0.505736519503832
0.505736519503832,0.5388925137795407,0.5251746299612956,0.47348424557047647
0.47348424557047647,0.505736519503832,0.5036232016357621,0.4421907244765912
0.4421907244765912,0.47348424557047647,0.4817536741017149,0.41190728562436046
0.41190728562436046,0.4421907244765912,0.4595798606214888,0.3826817529007361
0.3826817529007361,0.41190728562436046,0.4371157666509337,0.35455866243906153
0.35455866243906153,0.3826817529007361,0.41437558099328475,0.32757948866115283
0.32757948866115283,0.35455866243906153,0.3913736668372028,0.3017828628261157
0.3017828628261157,0.32757948866115283,0.3681245526846782,0.2772047633470911
0.2772047633470911,0.3017828628261157,0.3446429231745171,0.253878650839008
0.253878650839008,0.2772047633470911,0.3209436098072093,0.23183551301073596
0.23183551301073596,0.253878650839008,0.29704158157703625,0.21110377498041474
0.21110377498041474,0.23183551301073596,0.27295193551732466,0.19170901943020727
0.19170901943020727,0.21110377498041474,0.2486898871648557,0.17367344863298564
0.17367344863298564,0.19170901943020727,0.22427076094938192,0.15701500775642674
0.15701500775642674,0.17367344863298564,0.19970998051440755,0.14174607780534787
0.14174607780534787,0.15701500775642674,0.17502305897527637,0.12787164006531138
0.12787164006531138,0.14174607780534787,0.15022558912075717,0.11538681627167646
0.11538681627167646,0.12787164006531138,0.12533323356430415,0.10427370555200538
0.10427370555200538,0.11538681627167646,0.10036171485121458,0.09449747677047254
0.09449747677047254,0.10427370555200538,0.07532680552793397,0.08600173872985413
0.08600173872985413,0.09449747677047254,0.05024431817976882,0.07870330274915749
0.07870330274915749,0.08600173872985413,0.0251300954433383,0.07248656701653594
0.07248656701653594,0.07870330274915749,6.123233995736766e-16,0.06719787251211562
0.06719787251211562,0.07248656701653594,-0.02513009544333708,0.06264027354871879
0.06264027354871879,0.06719787251211562,-0.05024431817976937,0.05856918415492162
0.05856918415492162,0.06264027354871879,-0.07532680552793097,0.05468924749867342
0.05468924749867342,0.05856918415492162,-0.10036171485121513,0.05065247554053022
0.05065247554053022,0.05468924749867342,-0.1253332335643047,0.046057184307176556
0.046057184307176556,0.05065247554053022,-0.15022558912075595,0.040446494492168285
0.040446494492168285,0.046057184307176556,-0.1750230589752769,0.033304169105802604
0.033304169105802604,0.040446494492168285,-0.19970998051440633,0.02404424905129321
0.02404424905129321,0.033304169105802604,-0.22427076094938073,0.011989054464198482
0.011989054464198482,0.02404424905129321,-0.24868988716485452,-0.0036730837977260802
-0.0036730837977260802,0.011989054464198482,-0.27295193551732516,-0.02396524099934
-0.02396524099934,-0.0036730837977260802,-0.29704158157703336,-0.05026267000649131
-0.05026267000649131,-0.02396524099934,-0.3209436098072098,-0.08455553586492856
-0.08455553586492856,-0.05026267000649131,-0.34464292317451595,-0.12996669738945005
-0.12996669738945005,-0.08455553586492856,-0.3681245526846787,-0.19185779490295643
-0.19185779490295643,-0.12996669738945005,-0.3913736668372017,-0.28046577438257625
-0.28046577438257625,-0.19185779490295643,-0.41437558099328203,-0.41820126584180345
-0.41820126584180345,-0.28046577438257625,-0.4371157666509326,-0.664730876144333
-0.664730876144333,-0.41820126584180345,-0.45957986062148615,-1.2396139227215262
-1.2396139227215262,-0.664730876144333,-0.4817536741017153,-3.8091783415698406
-3.8091783415698406,-1.2396139227215262,-0.5036232016357596,15.769412317190103
15.769412317190103,-3.8091783415698406,-0.5251746299612962,-5.758379500086701
-5.758379500086701,15.769412317190103,-0.5463943467342682,-0.506510159631939
-0.506510159631939,-5.758379500086701,-0.5672689491267573,-0.07609784263699532
-0.07609784263699532,-0.506510159631939,-0.5877852522924726,-0.3572782737472462
-0.3572782737472462,-0.07609784263699532,-0.6079302976946036,-0.6113841683775495
-0.6113841683775495,-0.3572782737472462,-0.6276913612907004,-1.1985505819900604
-1.1985505819900604,-0.6113841683775495,-0.6470559615694457,-3.3550630473455985
-3.3550630473455985,-1.1985505819900604,-0.6660118674342518,16.602350845412822
16.602350845412822,-3.3550630473455985,-0.6845471059286876,-7.370423795487761
-7.370423795487761,16.602350845412822,-0.7026499697988471,-0.765628371913732
-0.765628371913732,-7.370423795487761,-0.7203090248879063,-0.25354396065817386
-0.25354396065817386,-0.765628371913732,-0.7375131173581746,-1.482955392789649
-1.482955392789649,-0.25354396065817386,-0.7542513807361035,-2.415751338998353
-2.415751338998353,-1.482955392789649,-0.7705132427757879,4.544571012419394
4.544571012419394,-2.415751338998353,-0.7862884321366188,-3.696128937224947
-3.696128937224947,4.544571012419394,-0.8015669848708756,-1.181635771965607
-1.181635771965607,-3.696128937224947,-0.816339250717182,-0.10574521436323614
-0.10574521436323614,-1.181635771965607,-0.8305958991958139,0.009163327018640866
0.009163327018640866,-0.10574521436323614,-0.8443279255020155,-0.5916657495394445
-0.5916657495394445,0.009163327018640866,-0.8575266561936519,-1.2168772644280874
-1.2168772644280874,-0.5916657495394445,-0.8701837546695245,-3.6390212328338336
-3.6390212328338336,-1.2168772644280874,-0.8822912264349531,16.092364581327196
16.092364581327196,-3.6390212328338336,-0.8938414241512629,-6.811990226801691
-6.811990226801691,16.092364581327196,-0.9048270524660196,-1.1393327170602008
-1.1393327170602008,-6.811990226801691,-0.915241172620917,-0.5706353584979817
-0.5706353584979817,-1.1393327170602008,-0.9250772068344583,3.303835872686658
3.303835872686658,-0.5706353584979817,-0.9343289424566117,6.879067098452072
6.879067098452072,3.303835872686658,-0.9429905358928636,0.7598206507495875
0.7598206507495875,6.879067098452072,-0.9510565162951534,-0.7638033430046761
-0.7638033430046761,0.7598206507495875,-0.9585217890173763,-1.3146787325964207
-1.3146787325964207,-0.7638033430046761,-0.9653816388332738,-6.4657331833682905
-6.4657331833682905,-1.3146787325964207,-0.9716317329146735,19.62980635381912
19.62980635381912,-6.4657331833682905,-0.9772681235681935,-4.524774344103589
-4.524774344103589,19.62980635381912,-0.9822872507286884,-1.1671293058440135
-1.1671293058440135,-4.524774344103589,-0.9866859442078676,-0.6294655554284239
-0.6294655554284239,-1.1671293058440135,-0.9904614256966511,2.794682235399774
2.794682235399774,-0.6294655554284239,-0.9936113105200085,6.561344676875603
6.561344676875603,2.794682235399774,-0.9961336091431724,0.7406437431878623
0.7406437431878623,6.561344676875603,-0.9980267284282714,-0.8961405322436091
-0.8961405322436091,0.7406437431878623,-0.9992894726405892,-1.5127027551684196
-1.5127027551684196,-0.8961405322436091,-0.9999210442038161,-15.56466308625743
-15.56466308625743,-1.5127027551684196,-0.9999210442038161,29.358300910863793
29.358300910863793,-15.56466308625743,-0.9992894726405893,-3.0135911840881153
-3.0135911840881153,29.358300910863793,-0.9980267284282716,-1.0933593111884121
-1.0933593111884121,-3.0135911840881153,-0.9961336091431725,-0.44545589758579685
-0.44545589758579685,-1.0933593111884121,-0.9936113105200087,3.790457595549507
3.790457595549507,-0.44545589758579685,-0.9904614256966517,5.863611705608315
5.863611705608315,3.790457595549507,-0.9866859442078678,0.2634318583888161
0.2634318583888161,5.863611705608315,-0.9822872507286887,-0.9094164809762217
-0.9094164809762217,0.2634318583888161,-0.9772681235681938,-1.653141437399961
-1.653141437399961,-0.9094164809762217,-0.9716317329146739,-19.167200704468552
-19.167200704468552,-1.653141437399961,-0.9653816388332742,28.446472883720727
28.446472883720727,-19.167200704468552,-0.9585217890173766,-2.446470195241253
-2.446470195241253,28.446472883720727,-0.9510565162951538,-0.9433206437551477
-0.9433206437551477,-2.446470195241253,-0.9429905358928641,-0.18638302948686503
-0.18638302948686503,-0.9433206437551477,-0.9343289424566121,-4.104017578768871
-4.104017578768871,-0.18638302948686503,-0.9250772068344587,-5.83581550167094
-5.83581550167094,-4.104017578768871,-0.915241172620919,1.1134177709494928
1.1134177709494928,-5.83581550167094,-0.9048270524660201,-0.971036816267475
-0.971036816267475,1.1134177709494928,-0.8938414241512636,-1.1735996185000777
-1.1735996185000777,-0.971036816267475,-0.8822912264349537,-41.207202923246705
-41.207202923246705,-1.1735996185000777,-0.8701837546695251,236.7102817314438
236.7102817314438,-41.207202923246705,-0.8575266561936525,-6.5178445157143825
-6.5178445157143825,236.7102817314438,-0.8443279255020162,-0.6293319146502555
-0.6293319146502555,-6.5178445157143825,-0.8305958991958147,-0.4589654879406351
-0.4589654879406351,-0.6293319146502555,-0.8163392507171829,-1.7822279594937858
-1.7822279594937858,-0.4589654879406351,-0.8015669848708764,-3.809125918072544
-3.809125918072544,-1.7822279594937858,-0.7862884321366197,4.383463056862317
4.383463056862317,-3.809125918072544,-0.7705132427757888,-2.0178831706180476
-2.0178831706180476,4.383463056862317,-0.7542513807361044,-0.8039198955597675
-0.8039198955597675,-2.0178831706180476,-0.7375131173581755,0.3886435781730241
0.3886435781730241,-0.8039198955597675,-0.7203090248879072,1.6083365346148046
1.6083365346148046,0.3886435781730241,-0.7026499697988481,0.8112966505964126
0.8112966505964126,1.6083365346148046,-0.6845471059286886,-0.009742151070685101
-0.009742151070685101,0.8112966505964126,-0.6660118674342528,-0.30080263870830976
-0.30080263870830976,-0.009742151070685101,-0.6470559615694467,-0.5746722404812268
-0.5746722404812268,-0.30080263870830976,-0.6276913612907014,-1.0692109241448378
-1.0692109241448378,-0.5746722404812268,-0.6079302976946047,-2.7385301517070406
-2.7385301517070406,-1.0692109241448378,-0.5877852522924737,39.364814010066056
39.364814010066056,-2.7385301517070406,-0.5672689491267554,-22.825127211186864
-22.825127211186864,39.364814010066056,-0.5463943467342693,-0.7285951617252289
-0.7285951617252289,-22.825127211186864,-0.5251746299612973,-0.11146425220150405
-0.11146425220150405,-0.7285951617252289,-0.5036232016357638,-0.5384308216520158
-0.5384308216520158,-0.11146425220150405,-0.48175367410171344,-0.7177839920002929
-0.7177839920002929,-0.5384308216520158,-0.45957986062148737,-1.652164691992448
-1.652164691992448,-0.7177839920002929,-0.4371157666509338,-5.937775559751239
-5.937775559751239,-1.652164691992448,-0.4143755809932865,9.033566684233106
9.033566684233106,-5.937775559751239,-0.3913736668372029,-1.889429037885376
-1.889429037885376,9.033566684233106,-0.36812455268468,-0.2381974582464224
-0.2381974582464224,-1.889429037885376,-0.3446429231745172,0.22687314771186037
0.22687314771186037,-0.2381974582464224,-0.32094360980720776,0.26475222930989284
0.26475222930989284,0.22687314771186037,-0.29704158157703464,0.1895852195778064
0.1895852195778064,0.26475222930989284,-0.2729519355173265,0.1295634266588627
0.1295634266588627,0.1895852195778064,-0.24868988716485754,0.09353415302637721
0.09353415302637721,0.1295634266588627,-0.22427076094938203,0.07152534813670915
0.07152534813670915,0.09353415302637721,-0.19970998051440592,0.057442263804644546
0.057442263804644546,0.07152534813670915,-0.17502305897527648,0.04824644359541891
0.04824644359541891,0.057442263804644546,-0.15022558912075903,0.04223535534868331
0.04223535534868331,0.04824644359541891,-0.12533323356430426,0.038322649812950874
0.038322649812950874,0.04223535534868331,-0.10036171485121646,0.035758779001055785
0.035758779001055785,0.038322649812950874,-0.07532680552793586,0.03401157189941748
0.03401157189941748,0.035758779001055785,-0.05024431817976717,0.03271050705984542
0.03271050705984542,0.03401157189941748,-0.02513009544333665,0.0316186955517358
0.0316186955517358,0.03271050705984542,-7.347880794884119e-16,0.030617191686908535
0.030617191686908535,0.0316186955517358,0.02513009544333518,0.029694657352136725
0.029694657352136725,0.030617191686908535,0.050244318179769244,0.02893934088565453
0.02893934088565453,0.029694657352136725,0.07532680552793085,0.028532193008917447
0.028532193008917447,0.02893934088565453,0.100361714851215,0.028740604124883416
0.028740604124883416,0.028532193008917447,0.12533323356430282,0.0299121069294634
0.0299121069294634,0.028740604124883416,0.1502255891207576,0.0324666828660424
0.0324666828660424,0.0299121069294634,0.17502305897527504,0.03688523516665648
0.03688523516665648,0.0324666828660424,0.19970998051440447,0.043690599613053736
0.043690599613053736,0.03688523516665648,0.2242707609493806,0.05341661938522813
0.05341661938522813,0.043690599613053736,0.24868988716485613,0.06656115101357915
0.06656115101357915,0.05341661938522813,0.27295193551732505,0.08352164239679963
0.08352164239679963,0.06656115101357915,0.29704158157703325,0.10451836432262707
0.10451836432262707,0.08352164239679963,0.3209436098072097,0.1295204553619419
0.1295204553619419,0.10451836432262707,0.34464292317451584,0.15820044736172428
0.15820044736172428,0.1295204553619419,0.36812455268467525,0.18994648529441585
0.18994648529441585,0.15820044736172428,0.3913736668372016,0.22394940626514756
0.22394940626514756,0.18994648529441585,0.41437558099328514,0.2593524803386832
0.2593524803386832,0.22394940626514756,0.4371157666509325,0.29541783417126427
0.29541783417126427,0.2593524803386832,0.45957986062148604,0.3316486888696604
0.3316486888696604,0.29541783417126427,0.4817536741017152,0.36782534282443635
0.36782534282443635,0.3316486888696604,0.5036232016357595,0.40395514414255473
0.40395514414255473,0.36782534282443635,0.525174629961296,0.440174123580091
0.440174123580091,0.40395514414255473,0.5463943467342681,0.476648623702172
0.476648623702172,0.440174123580091,0.5672689491267572,0.5135097471739263
0.5135097471739263,0.476648623702172,0.5877852522924725,0.5508283236974105
0.5508283236974105,0.5135097471739263,0.6079302976946035,0.5886194696632399
0.5886194696632399,0.5508283236974105,0.6276913612906975,0.6268598281729054
0.6268598281729054,0.5886194696632399,0.6470559615694456,0.6655043808786234
0.6655043808786234,0.6268598281729054,0.6660118674342517,0.7044970574011094
0.7044970574011094,0.6655043808786234,0.6845471059286876,0.7437752365965566
0.7437752365965566,0.7044970574011094,0.7026499697988495,0.7832707495111815
0.7832707495111815,0.7437752365965566,0.7203090248879062,0.8229098275913678
0.8229098275913678,0.7832707495111815,0.7375131173581722,0.8626132211175165
0.8626132211175165,0.8229098275913678,0.7542513807361034,0.9022966912213654
0.9022966912213654,0.8626132211175165,0.7705132427757901,0.9418716647319295
0.9418716647319295,0.9022966912213654,0.7862884321366188,0.9812458599563665
0.9812458599563665,0.9418716647319295,0.8015669848708755,1.0203238327637676
1.0203238327637676,0.9812458599563665,0.816339250717182,1.0590074774262246
1.0590074774262246,1.0203238327637676,0.8305958991958119,1.0971965241736412
1.0971965241736412,1.0590074774262246,0.8443279255020154,1.1347890512913161
1.1347890512913161,1.0971965241736412,0.8575266561936518,1.1716820110431478
1.1716820110431478,1.1347890512913161,0.8701837546695262,1.2077717640045864
1.2077717640045864,1.1716820110431478,0.8822912264349531,1.2429546184367224
1.2429546184367224,1.2077717640045864,0.8938414241512629,1.2771273732300514
1.2771273732300514,1.2429546184367224,0.904827052466018,1.3101878629106276
1.3101878629106276,1.2771273732300514,0.9152411726209183,1.3420355023119765
1.3420355023119765,1.3101878629106276,0.9250772068344582,1.372571827850241
1.372571827850241,1.3420355023119765,0.9343289424566116,1.4017010321122625
1.4017010321122625,1.372571827850241,0.9429905358928635,1.4293304884529219
1.4293304884529219,1.4017010321122625,0.9510565162951533,1.4553712623169281
1.4553712623169281,1.4293304884529219,0.9585217890173752,1.479738606018124
1.479738606018124,1.4553712623169281,0.9653816388332738,1.5023524337557812
1.5023524337557812,1.479738606018124,0.9716317329146743,1.5231377737388954
1.5231377737388954,1.5023524337557812,0.9772681235681935,1.5420251944215457
1.5420251944215457,1.5231377737388954,0.9822872507286884,1.5589512020141232
1.5589512020141232,1.5420251944215457,0.9866859442078676,1.5738586066204265
1.5738586066204265,1.5589512020141232,0.9904614256966511,1.5866968545565472
1.5866968545565472,1.5738586066204265,0.9936113105200085,1.5974223246320869
1.5974223246320869,1.5866968545565472,0.9961336091431724,1.6059985864153257
1.6059985864153257,1.5974223246320869,0.9980267284282714,1.6123966187589183
1.6123966187589183,1.6059985864153257,0.9992894726405892,1.6165949871293135
1.6165949871293135,1.6123966187589183,0.9999210442038161,1.6185799785592931
1.6185799785592931,1.6165949871293135,0.9999210442038161,1.618345693326915
1.618345693326915,1.6185799785592931,0.9992894726405892,1.6158940927539187
1.6158940927539187,1.618345693326915,0.9980267284282716,1.6112350028106155
1.6112350028106155,1.6158940927539187,0.9961336091431725,1.6043860735107134
1.6043860735107134,1.6112350028106155,0.9936113105200087,1.5953726943768616
1.5953726943768616,1.6043860735107134,0.9904614256966513,1.5842278665543312
1.5842278665543312,1.5953726943768616,0.9866859442078684,1.5709920324447202
1.5709920324447202,1.5842278665543312,0.9822872507286887,1.555712864022266
1.555712864022266,1.5709920324447202,0.9772681235681938,1.5384450112809809
1.5384450112809809,1.555712864022266,0.9716317329146739,1.5192498125397065
1.5192498125397065,1.5384450112809809,0.9653816388332742,1.4981949686030982
1.4981949686030982,1.5192498125397065,0.9585217890173767,1.4753541830378083
1.4753541830378083,1.4981949686030982,0.9510565162951539,1.450806771073513
1.450806771073513,1.4753541830378083,0.9429905358928641,1.4246372398762515
1.4246372398762515,1.450806771073513,0.9343289424566122,1.3969348431653918
1.3969348431653918,1.4246372398762515,0.9250772068344588,1.3677931133539007
1.3677931133539007,1.3969348431653918,0.9152411726209175,1.337309374582877
1.337309374582877,1.3677931133539007,0.9048270524660201,1.3055842401938227
1.3055842401938227,1.337309374582877,0.8938414241512652,1.2727210983342445
1.2727210983342445,1.3055842401938227,0.8822912264349522,1.238825589522313
1.238825589522313,1.2727210983342445,0.8701837546695252,1.2040050801024602
1.2040050801024602,1.238825589522313,0.8575266561936526,1.1683681356041773
1.1683681356041773,1.2040050801024602,0.8443279255020163,1.1320239980694402
1.1320239980694402,1.1683681356041773,0.8305958991958128,1.0950820714376523
1.0950820714376523,1.1320239980694402,0.816339250717185,1.0576514190694863
1.0576514190694863,1.0950820714376523,0.8015669848708765,1.0198402774503692
1.0198402774503692,1.0576514190694863,0.7862884321366197,0.9817555900392216
0.9817555900392216,1.0198402774503692,0.7705132427757888,0.9435025651163333
0.9435025651163333,0.9817555900392216,0.7542513807361044,0.905184261334995
0.905184261334995,0.9435025651163333,0.7375131173581756,0.8669012044927331
0.8669012044927331,0.905184261334995,0.7203090248879073,0.8287510388088853
0.8287510388088853,0.8669012044927331,0.7026499697988482,0.7908282157240234
0.7908282157240234,0.8287510388088853,0.6845471059286887,0.7532237229219411
0.7532237229219411,0.7908282157240234,0.6660118674342529,0.7160248559144571
0.7160248559144571,0.7532237229219411,0.6470559615694441,0.679315034119885
0.679315034119885,0.7160248559144571,0.6276913612907015,0.6431736629027811
0.6431736629027811,0.679315034119885,0.6079302976946076,0.6076760425178782
0.6076760425178782,0.6431736629027811,0.5877852522924738,0.5728933243033318
0.5728933243033318,0.6076760425178782,0.5672689491267555,0.5388925137795401
0.5388925137795401,0.5728933243033318,0.5463943467342695,0.5057365195038314
0.5057365195038314,0.5388925137795401,0.5251746299612974,0.47348424557047775
0.47348424557047775,0.5057365195038314,0.5036232016357608,0.44219072447659125
0.44219072447659125,0.47348424557047775,0.48175367410171666,0.4119072856243614
0.4119072856243614,0.44219072447659125,0.4595798606214875,0.3826817529007359
0.3826817529007359,0.4119072856243614,0.43711576665093393,0.35455866243906137
0.35455866243906137,0.3826817529007359,0.41437558099328337,0.327579488661152
0.327579488661152,0.35455866243906137,0.39137366683720304,0.3017828628261152
0.3017828628261152,0.327579488661152,0.3681245526846801,0.2772047633470916
0.2772047633470916,0.3017828628261152,0.34464292317452067,0.25387865083900973
0.25387865083900973,0.2772047633470916,0.3209436098072079,0.2318355130107368
0.2318355130107368,0.25387865083900973,0.29704158157703475,0.2111037749804148
0.2111037749804148,0.2318355130107368,0.2729519355173266,0.19170901943020763
0.19170901943020763,0.2111037749804148,0.24868988716485424,0.17367344863298567
0.17367344863298567,0.19170901943020763,0.22427076094938214,0.15701500775642677
0.15701500775642677,0.17367344863298567,0.19970998051440952,0.14174607780534815
0.14174607780534815,0.15701500775642677,0.17502305897527662,0.12787164006531163
0.12787164006531163,0.14174607780534815,0.15022558912075565,0.11538681627167655
0.11538681627167655,0.12787164006531163,0.1253332335643044,0.10427370555200542
0.10427370555200542,0.11538681627167655,0.10036171485121659,0.09449747677047263
0.09449747677047263,0.10427370555200542,0.07532680552793598,0.08600173872985425
0.08600173872985425,0.09449747677047263,0.05024431817977084,0.0787033027491576
0.0787033027491576,0.08600173872985425,0.02513009544333677,0.07248656701653602
0.07248656701653602,0.0787033027491576,8.572527594031472e-16,0.06719787251211568
0.06719787251211568,0.07248656701653602,-0.02513009544333861,0.06264027354871883
0.06264027354871883,0.06719787251211568,-0.050244318179769126,0.05856918415492166
0.05856918415492166,0.06264027354871883,-0.07532680552793074,0.05468924749867346
0.05468924749867346,0.05856918415492166,-0.10036171485121134,0.05065247554053038
0.05065247554053038,0.05468924749867346,-0.1253332335643062,0.046057184307176625
0.046057184307176625,0.05065247554053038,-0.15022558912075745,0.040446494492168236
0.040446494492168236,0.046057184307176625,-0.17502305897527493,0.033304169105802736
0.033304169105802736,0.040446494492168236,-0.19970998051440436,0.02404424905129357
0.02404424905129357,0.033304169105802736,-0.22427076094938048,0.011989054464198868
0.011989054464198868,0.02404424905129357,-0.24868988716485257,-0.0036730837977253464
-0.0036730837977253464,0.011989054464198868,-0.27295193551732494,-0.023965240999339225
-0.023965240999339225,-0.0036730837977253464,-0.29704158157703653,-0.050262670006491345
-0.050262670006491345,-0.023965240999339225,-0.3209436098072096,-0.0845555358649285
-0.0845555358649285,-0.050262670006491345,-0.3446429231745157,-0.1299666973894499
-0.1299666973894499,-0.0845555358649285,-0.36812455268467514,-0.19185779490295482
-0.19185779490295482,-0.1299666973894499,-0.3913736668372015,-0.28046577438257425
-0.28046577438257425,-0.19185779490295482,-0.41437558099328503,-0.41820126584180184
-0.41820126584180184,-0.28046577438257425,-0.4371157666509324,-0.6647308761443289
-0.6647308761443289,-0.41820126584180184,-0.4595798606214859,-1.2396139227215157
-1.2396139227215157,-0.6647308761443289,-0.4817536741017151,-3.8091783415697638
-3.8091783415697638,-1.2396139227215157,-0.5036232016357594,15.769412317190476
15.769412317190476,-3.8091783415697638,-0.5251746299612929,-5.758379500086985
-5.758379500086985,15.769412317190476,-0.546394346734271,-0.5065101596319509
-0.5065101596319509,-5.758379500086985,-0.5672689491267571,-0.07609784263699897
-0.07609784263699897,-0.5065101596319509,-0.5877852522924725,-0.3572782737472572
-0.3572782737472572,-0.07609784263699897,-0.6079302976946035,-0.6113841683775627
-0.6113841683775627,-0.3572782737472572,-0.6276913612907001,-1.198550581990097
-1.198550581990097,-0.6113841683775627,-0.6470559615694428,-3.3550630473457934
-3.3550630473457934,-1.198550581990097,-0.6660118674342516,16.602350845410687
16.602350845410687,-3.3550630473457934,-0.6845471059286875,-7.37042379548627
-7.37042379548627,16.602350845410687,-0.7026499697988495,-0.7656283719137017
-0.7656283719137017,-7.37042379548627,-0.720309024887906,-0.25354396065815016
-0.25354396065815016,-0.7656283719137017,-0.737513117358172,-1.482955392789404
-1.482955392789404,-0.25354396065815016,-0.7542513807361033,-2.4157513389979615
-2.4157513389979615,-1.482955392789404,-0.77051324277579,4.544571012421118
4.544571012421118,-2.4157513389979615,-0.7862884321366187,-3.6961289372270523
-3.6961289372270523,4.544571012421118,-0.8015669848708754,-1.1816357719657788
-1.1816357719657788,-3.6961289372270523,-0.816339250717184,-0.10574521436351864
-0.10574521436351864,-1.1816357719657788,-0.8305958991958118,0.009163327019649725
0.009163327019649725,-0.10574521436351864,-0.8443279255020134,-0.5916657495383085
-0.5916657495383085,0.009163327019649725,-0.8575266561936518,-1.2168772644263752
-1.2168772644263752,-0.5916657495383085,-0.8701837546695261,-3.639021232821354
-3.639021232821354,-1.2168772644263752,-0.882291226434953,16.09236458140212
16.09236458140212,-3.639021232821354,-0.8938414241512628,-6.811990226858918
-6.811990226858918,16.09236458140212,-0.9048270524660195,-1.1393327170618017
-1.1393327170618017,-6.811990226858918,-0.9152411726209169,-0.5706353584996362
-0.5706353584996362,-1.1393327170618017,-0.9250772068344582,3.303835872651475
3.303835872651475,-0.5706353584996362,-0.9343289424566116,6.87906709839978
6.87906709839978,3.303835872651475,-0.9429905358928647,0.7598206507505009
0.7598206507505009,6.87906709839978,-0.9510565162951533,-0.7638033430039199
-0.7638033430039199,0.7598206507505009,-0.9585217890173752,-1.3146787325957625
-1.3146787325957625,-0.7638033430039199,-0.9653816388332729,-6.465733183347682
-6.465733183347682,-1.3146787325957625,-0.9716317329146743,19.629806353796603
19.629806353796603,-6.465733183347682,-0.9772681235681935,-4.524774344113011
-4.524774344113011,19.629806353796603,-0.9822872507286884,-1.1671293058447096
-1.1671293058447096,-4.524774344113011,-0.9866859442078681,-0.6294655554291131
-0.6294655554291131,-1.1671293058447096,-0.9904614256966511,2.7946822353882106
2.7946822353882106,-0.6294655554291131,-0.9936113105200081,6.561344676858427
6.561344676858427,2.7946822353882106,-0.9961336091431724,0.740643743188605
0.740643743188605,6.561344676858427,-0.9980267284282717,-0.896140532243289
-0.896140532243289,0.740643743188605,-0.9992894726405892,-1.5127027551680161
-1.5127027551680161,-0.896140532243289,-0.9999210442038161,-15.56466308620866
-15.56466308620866,-1.5127027551680161,-0.9999210442038161,29.358300910792558
29.358300910792558,-15.56466308620866,-0.9992894726405893,-3.0135911840899743
-3.0135911840899743,29.358300910792558,-0.9980267284282716,-1.0933593111887063
-1.0933593111887063,-3.0135911840899743,-0.9961336091431725,-0.445455897586152
-0.445455897586152,-1.0933593111887063,-0.9936113105200083,3.7904575955382764
3.7904575955382764,-0.445455897586152,-0.9904614256966513,5.863611705592441
5.863611705592441,3.7904575955382764,-0.9866859442078685,0.26343185838837
0.26343185838837,5.863611705592441,-0.9822872507286894,-0.9094164809761999
-0.9094164809761999,0.26343185838837,-0.977268123568193,-1.6531414374001956
-1.6531414374001956,-0.9094164809761999,-0.9716317329146739,-19.167200704466737
-19.167200704466737,-1.6531414374001956,-0.9653816388332742,28.4464728837074
28.4464728837074,-19.167200704466737,-0.9585217890173767,-2.446470195240676
-2.446470195240676,28.4464728837074,-0.9510565162951539,-0.943320643755166
-0.943320643755166,-2.446470195240676,-0.9429905358928653,-0.18638302948659569
-0.18638302948659569,-0.943320643755166,-0.9343289424566122,-4.104017578765182
-4.104017578765182,-0.18638302948659569,-0.9250772068344575,-5.835815501664733
-5.835815501664733,-4.104017578765182,-0.9152411726209176,1.1134177709497308
1.1134177709497308,-5.835815501664733,-0.9048270524660202,-0.97103681626782
-0.97103681626782,1.1134177709497308,-0.8938414241512652,-1.1735996185001931
-1.1735996185001931,-0.97103681626782,-0.8822912264349538,-41.20720292373343
-41.20720292373343,-1.1735996185001931,-0.8701837546695252,236.71028173408968
236.71028173408968,-41.20720292373343,-0.8575266561936526,-6.517844515708921
-6.517844515708921,236.71028173408968,-0.8443279255020163,-0.6293319146499275
-0.6293319146499275,-6.517844515708921,-0.8305958991958129,-0.45896548794057795
-0.45896548794057795,-0.6293319146499275,-0.816339250717185,-1.7822279594925403
-1.7822279594925403,-0.45896548794057795,-0.8015669848708786,-3.809125918069899
-3.809125918069899,-1.7822279594925403,-0.7862884321366177,4.3834630568666935
4.3834630568666935,-3.809125918069899,-0.7705132427757889,-2.017883170621075
-2.017883170621075,4.3834630568666935,-0.7542513807361045,-0.8039198955600253
-0.8039198955600253,-2.017883170621075,-0.7375131173581757,0.388643578170928
0.388643578170928,-0.8039198955600253,-0.7203090248879074,1.6083365346067202
1.6083365346067202,0.388643578170928,-0.7026499697988507,0.8112966505923351
0.8112966505923351,1.6083365346067202,-0.6845471059286888,-0.009742151071284677
-0.009742151071284677,0.8112966505923351,-0.6660118674342503,-0.3008026387086496
-0.3008026387086496,-0.009742151071284677,-0.6470559615694442,-0.5746722404817508
-0.5746722404817508,-0.3008026387086496,-0.6276913612907016,-1.0692109241459868
-1.0692109241459868,-0.5746722404817508,-0.6079302976946077,-2.738530151712843
-2.738530151712843,-1.0692109241459868,-0.5877852522924739,39.36481400949297
39.36481400949297,-2.738530151712843,-0.5672689491267556,-22.825127210781652
-22.825127210781652,39.36481400949297,-0.5463943467342696,-0.7285951617232186
-0.7285951617232186,-22.825127210781652,-0.5251746299612975,-0.11146425220097653
-0.11146425220097653,-0.7285951617232186,-0.5036232016357609,-0.538430821647028
-0.538430821647028,-0.11146425220097653,-0.4817536741017167,-0.717783991994322
-0.717783991994322,-0.538430821647028,-0.4595798606214907,-1.6521646919627095
-1.6521646919627095,-0.717783991994322,-0.4371157666509308,-5.937775559522004
-5.937775559522004,-1.6521646919627095,-0.4143755809932835,9.033566684296778
9.033566684296778,-5.937775559522004,-0.3913736668372032,-1.8894290379832044
-1.8894290379832044,9.033566684296778,-0.3681245526846802,-0.23819745825497762
-0.23819745825497762,-1.8894290379832044,-0.34464292317451745,0.22687314769202266
0.22687314769202266,-0.23819745825497762,-0.32094360980721137,0.2647522292871958
0.2647522292871958,0.22687314769202266,-0.29704158157703486,0.18958521956279567
0.18958521956279567,0.2647522292871958,-0.2729519355173267,0.1295634266496842
0.1295634266496842,0.18958521956279567,-0.24868988716485435,0.09353415302003644
0.09353415302003644,0.1295634266496842,-0.22427076094938228,0.07152534813176849
0.07152534813176849,0.09353415302003644,-0.19970998051440964,0.05744226380050529
0.05744226380050529,0.07152534813176849,-0.17502305897527673,0.0482464435918031
0.0482464435918031,0.05744226380050529,-0.15022558912075576,0.04223535534544274
0.04223535534544274,0.0482464435918031,-0.1253332335643045,0.03832264980999842
0.03832264980999842,0.04223535534544274,-0.10036171485121671,0.0357587789983373
0.0357587789983373,0.03832264980999842,-0.07532680552793257,0.03401157189689732
0.03401157189689732,0.0357587789983373,-0.05024431817977096,0.032710507057498416
0.032710507057498416,0.03401157189689732,-0.025130095443340446,0.03161869554954309
0.03161869554954309,0.032710507057498416,-9.797174393178826e-16,0.03061719168485486
